/index.html /
/cards/Petition-of-Right/index.{html} /cards/Petition-of-Right/
/europe/1815-1914/notes/Development-of-Society/index.{html} /europe/1815-1914/notes/Development-of-Society/
/europe/1815-1914/notes/Industrialization/index.{html} /europe/1815-1914/notes/Industrialization/
/tangents/12-5-2022/index.{html} /tangents/12-5-2022/
/tangents/11-28-2022/index.{html} /tangents/11-28-2022/
/tangents//index.{html} /tangents//
/cards/James-I/index.{html} /cards/James-I/
/europe/1815-1914/notes/Spread-of-Industrialization/index.{html} /europe/1815-1914/notes/Spread-of-Industrialization/
/tangents/11-22-2022/index.{html} /tangents/11-22-2022/
/cards/Charles-I/index.{html} /cards/Charles-I/
/english/tfa/terms/Chielo/index.{html} /english/tfa/terms/Chielo/
/english/tfa/terms/Nweka/index.{html} /english/tfa/terms/Nweka/
/cards/Liberty-Leading-the-People/index.{html} /cards/Liberty-Leading-the-People/
/chemistry/Metric-Stems/index.{html} /chemistry/Metric-Stems/
/english/tfa/terms/Ezinma/index.{html} /english/tfa/terms/Ezinma/
/europe/Unit-3/TBV-12-5/index.{html} /europe/Unit-3/TBV-12-5/
/cards/Constitutionalism/index.{html} /cards/Constitutionalism/
/english/tfa/chapters/Chapter-3/index.{html} /english/tfa/chapters/Chapter-3/
/english/tfa/terms/Umuofia/index.{html} /english/tfa/terms/Umuofia/
/europe/Unit-3/TBV-11-16/index.{html} /europe/Unit-3/TBV-11-16/
/tangents/1-17-2023/index.{html} /tangents/1-17-2023/
/cards/Louis-XVIII/index.{html} /cards/Louis-XVIII/
/cards/Klemens-von-Metternich/index.{html} /cards/Klemens-von-Metternich/
/cards/English-Civil-War/index.{html} /cards/English-Civil-War/
/english/tfa/chapters/Chapter-4/index.{html} /english/tfa/chapters/Chapter-4/
/english/tfa/terms/Agbala/index.{html} /english/tfa/terms/Agbala/
/europe/Unit-4/TBV-12-8/index.{html} /europe/Unit-4/TBV-12-8/
/europe/Unit-4//index.{html} /europe/Unit-4//
/cards/Agricultural-Revolution/index.{html} /cards/Agricultural-Revolution/
/cards/Count-Camillo-di-Cavour/index.{html} /cards/Count-Camillo-di-Cavour/
/english/tfa/terms/Amalinze/index.{html} /english/tfa/terms/Amalinze/
/english/tfa/terms/Umeru/index.{html} /english/tfa/terms/Umeru/
/english/tfa/chapters/Study-Guide/index.{html} /english/tfa/chapters/Study-Guide/
/english/tfa/terms/Ezeudo/index.{html} /english/tfa/terms/Ezeudo/
/europe/1815-1914//index.{html} /europe/1815-1914//
/europe/Unit-4/Notes-The-Restoration/index.{html} /europe/Unit-4/Notes-The-Restoration/
/tangents/12-2-2022/index.{html} /tangents/12-2-2022/
/tangents/12-20-2022/index.{html} /tangents/12-20-2022/
/cards/Gunpowder-Plot/index.{html} /cards/Gunpowder-Plot/
/english/tfa/terms/Nwoye/index.{html} /english/tfa/terms/Nwoye/
/europe/Unit-3/Notes-Catherine-the-Great/index.{html} /europe/Unit-3/Notes-Catherine-the-Great/
/cards/Giuseppe-Garibaldi/index.{html} /cards/Giuseppe-Garibaldi/
/english/tfa/terms/Nneka/index.{html} /english/tfa/terms/Nneka/
/english/tfa/terms/Nwofa/index.{html} /english/tfa/terms/Nwofa/
/english/tfa/terms/Obiageli/index.{html} /english/tfa/terms/Obiageli/
/english/tfa/terms/Unoka/index.{html} /english/tfa/terms/Unoka/
/chemistry/Radicals/index.{html} /chemistry/Radicals/
/europe/European-History/index.{html} /europe/European-History/
/europe/Unit-3/Notes-Overview/index.{html} /europe/Unit-3/Notes-Overview/
/cards/Triennial-Acts/index.{html} /cards/Triennial-Acts/
/english/tfa/terms/Iguedo/index.{html} /english/tfa/terms/Iguedo/
/europe/Unit-3/Notes-Dutch-Art/index.{html} /europe/Unit-3/Notes-Dutch-Art/
/europe/Unit-4/TBV-12-1/index.{html} /europe/Unit-4/TBV-12-1/
/europe/Unit-4/Notes-The-Dual-Revolutions/index.{html} /europe/Unit-4/Notes-The-Dual-Revolutions/
/cards/Absolutism/index.{html} /cards/Absolutism/
/cards/Ancien-Regime/index.{html} /cards/Ancien-Regime/
/cards/English-Bill-of-Rights/index.{html} /cards/English-Bill-of-Rights/
/cards/The-Corn-Laws/index.{html} /cards/The-Corn-Laws/
/english/tfa/terms/Ikemefuna/index.{html} /english/tfa/terms/Ikemefuna/
/english/tfa/terms/Mbanta/index.{html} /english/tfa/terms/Mbanta/
/cards/Louis-XIV/index.{html} /cards/Louis-XIV/
/english/tfa/terms/Mr-Smith/index.{html} /english/tfa/terms/Mr-Smith/
/tangents/1-2-2023/index.{html} /tangents/1-2-2023/
/europe/1815-1914/notes/Eastern-Europe/index.{html} /europe/1815-1914/notes/Eastern-Europe/
/europe/Unit-3/Notes-Agricultural-Revolution/index.{html} /europe/Unit-3/Notes-Agricultural-Revolution/
/cards/Charles-II/index.{html} /cards/Charles-II/
/cards/James-II/index.{html} /cards/James-II/
/english/tfa/terms/Abame/index.{html} /english/tfa/terms/Abame/
/english/tfa/terms/Obierika/index.{html} /english/tfa/terms/Obierika/
/english/tfa/terms/Ojiugo/index.{html} /english/tfa/terms/Ojiugo/
/english/tfa/terms/Okoye/index.{html} /english/tfa/terms/Okoye/
/english/tfa/terms/Ekwefi/index.{html} /english/tfa/terms/Ekwefi/
/english/tfa/terms/Ogbanje/index.{html} /english/tfa/terms/Ogbanje/
/europe/1815-1914/notes/Politics/index.{html} /europe/1815-1914/notes/Politics/
/tangents/12-21-2022/index.{html} /tangents/12-21-2022/
/cards/Congress-of-Vienna/index.{html} /cards/Congress-of-Vienna/
/europe/Unit-4/Notes-Absolutism/index.{html} /europe/Unit-4/Notes-Absolutism/
/cards/Glorious-Revolution/index.{html} /cards/Glorious-Revolution/
/english/tfa/chapters//index.{html} /english/tfa/chapters//
/europe/Unit-3/Notes-Enlightened-Rulers/index.{html} /europe/Unit-3/Notes-Enlightened-Rulers/
/europe/Unit-3/Notes-French/index.{html} /europe/Unit-3/Notes-French/
/tangents/1-18-2023/index.{html} /tangents/1-18-2023/
/tangents/11-23-2022/index.{html} /tangents/11-23-2022/
/tangents/1-10-2023/index.{html} /tangents/1-10-2023/
/tangents/1-13-2023/index.{html} /tangents/1-13-2023/
/cards/The-Restoration/index.{html} /cards/The-Restoration/
/chemistry/Oxidation-Reduction/index.{html} /chemistry/Oxidation-Reduction/
/chemistry/Solubility-Rules/index.{html} /chemistry/Solubility-Rules/
/english/tfa/terms/Enoch/index.{html} /english/tfa/terms/Enoch/
/english/tfa/terms/Okoli/index.{html} /english/tfa/terms/Okoli/
/europe/1815-1914/notes/Outline/index.{html} /europe/1815-1914/notes/Outline/
/tangents/1-4-2023/index.{html} /tangents/1-4-2023/
/english/tfa/terms/Egwugwu/index.{html} /english/tfa/terms/Egwugwu/
/english/tfa/terms/Mr-Brown/index.{html} /english/tfa/terms/Mr-Brown/
/europe/Unit-3/Notes-Austria/index.{html} /europe/Unit-3/Notes-Austria/
/tangents/1-9-2023/index.{html} /tangents/1-9-2023/
/english/tfa/chapters/Chapter-1/index.{html} /english/tfa/chapters/Chapter-1/
/english/tfa/terms/Okwonko/index.{html} /english/tfa/terms/Okwonko/
/europe/1815-1914/notes/Industrialization-in-Great-Britain/index.{html} /europe/1815-1914/notes/Industrialization-in-Great-Britain/
/tangents/12-7-2022/index.{html} /tangents/12-7-2022/
/cards/William-I/index.{html} /cards/William-I/
/chemistry/Elements/index.{html} /chemistry/Elements/
/english/tfa/chapters/Chapter-2/index.{html} /english/tfa/chapters/Chapter-2/
/english/tfa/chapters/Chapter-5/index.{html} /english/tfa/chapters/Chapter-5/
/cards/Giuseppe-Mazzini/index.{html} /cards/Giuseppe-Mazzini/
/chemistry//index.{html} /chemistry//
/europe/Unit-4/Notes-Enlightened-Absolutism/index.{html} /europe/Unit-4/Notes-Enlightened-Absolutism/
/europe/Unit-4/Unit-4-Overview/index.{html} /europe/Unit-4/Unit-4-Overview/
/english/tfa/terms/Uchendu/index.{html} /english/tfa/terms/Uchendu/
/cards/Otto-von-Bismarck/index.{html} /cards/Otto-von-Bismarck/
/english/tfa/terms/Nwakibie/index.{html} /english/tfa/terms/Nwakibie/
/english/tfa/terms//index.{html} /english/tfa/terms//
/europe/Unit-3/TBV-11-4/index.{html} /europe/Unit-3/TBV-11-4/
/europe/Unit-4/TBV-12-13/index.{html} /europe/Unit-4/TBV-12-13/
/cards/Bishops-Wars/index.{html} /cards/Bishops-Wars/
/cards/Frederick-William-IV/index.{html} /cards/Frederick-William-IV/
/english/sections/index.{html} /english/sections/
/english/tfa/terms/Mbaino/index.{html} /english/tfa/terms/Mbaino/
/europe/Unit-3//index.{html} /europe/Unit-3//
/tangents/11-29-2022/index.{html} /tangents/11-29-2022/
/cards/Habsburg-Dynasty/index.{html} /cards/Habsburg-Dynasty/
/english/tfa/terms/Mr-Kiaga/index.{html} /english/tfa/terms/Mr-Kiaga/
/europe/Unit-3/Unit-3-Outline/index.{html} /europe/Unit-3/Unit-3-Outline/
/tangents/12-1-2022/index.{html} /tangents/12-1-2022/
/europe/Unit-3/Notes-England/index.{html} /europe/Unit-3/Notes-England/
